zone;name
R1;load_0_0
R1;load_1_1
R1;load_2_2
R1;load_3_3
R1;load_5_4
R1;load_6_5
R1;load_7_6
R1;load_10_7
R1;load_11_8
R1;load_12_9
R1;load_13_10
R1;load_14_11
R1;load_15_12
R1;load_16_13
R1;load_17_14
R1;load_18_15
R1;load_19_16
R1;load_20_17
R1;load_21_18
R1;load_22_19
R1;load_23_20
R1;load_26_21
R1;load_27_22
R1;load_28_23
R1;load_30_24
R1;load_31_25
R2;load_32_26
R2;load_33_27
R2;load_34_28
R2;load_35_29
R2;load_38_30
R2;load_39_31
R2;load_40_32
R2;load_41_33
R2;load_42_34
R2;load_43_35
R2;load_44_36
R2;load_45_37
R2;load_46_38
R2;load_47_39
R2;load_48_40
R2;load_49_41
R2;load_50_42
R2;load_51_43
R2;load_52_44
R2;load_53_45
R2;load_54_46
R2;load_55_47
R2;load_56_48
R2;load_57_49
R2;load_58_50
R2;load_59_51
R2;load_61_52
R2;load_65_53
R2;load_66_54
R1;load_69_55
R1;load_71_56
R1;load_72_57
R1;load_73_58
R1;load_74_59
R2;load_75_60
R2;load_76_61
R2;load_77_62
R2;load_78_63
R2;load_79_64
R3;load_81_65
R3;load_82_66
R3;load_83_67
R3;load_84_68
R3;load_85_69
R3;load_87_70
R3;load_89_71
R3;load_90_72
R3;load_91_73
R3;load_92_74
R3;load_93_75
R3;load_94_76
R3;load_95_77
R2;load_96_78
R2;load_97_79
R2;load_98_80
R3;load_99_81
R3;load_100_82
R3;load_101_83
R3;load_102_84
R3;load_103_85
R3;load_104_86
R3;load_105_87
R3;load_106_88
R3;load_107_89
R3;load_108_90
R3;load_109_91
R3;load_111_92
R1;load_112_93
R1;load_113_94
R1;load_114_95
R2;load_115_96
R1;load_116_97
R2;load_117_98
